Date_Time,港外波高_HS,花蓮港17號碼頭
2023/1/1 00:00,2.61,0.5
2023/1/1 01:00,2.36,0.56
2023/1/1 02:00,2.42,0.47
2023/1/1 03:00,2.21,0.48
2023/1/1 04:00,2.29,0.5
2023/1/1 05:00,2.3,0.48
2023/1/1 06:00,2.2,0.43
2023/1/1 07:00,2.31,0.47
2023/1/1 08:00,2.12,0.42
2023/1/1 09:00,2.28,0.46
2023/1/1 10:00,2.27,0.47
2023/1/1 11:00,2.37,0.47
2023/1/1 12:00,2.35,0.54
2023/1/1 13:00,2.06,0.52
2023/1/1 14:00,1.98,0.51
2023/1/1 15:00,2.16,0.43
2023/1/1 16:00,2,0.46
2023/1/1 17:00,2.1,0.42
2023/1/1 18:00,2.08,0.46
2023/1/1 19:00,2.1,0.44
2023/1/1 20:00,2.07,0.47
2023/1/1 21:00,2.05,0.45
2023/1/1 22:00,2.19,0.4
2023/1/1 23:00,2.02,0.42
2023/1/2 00:00,1.99,0.43
2023/1/2 01:00,2.03,0.42
2023/1/2 02:00,2.08,0.42
2023/1/2 03:00,1.93,0.37
2023/1/2 04:00,1.9,0.38
2023/1/2 05:00,1.73,0.39
2023/1/2 06:00,1.79,0.33
2023/1/2 07:00,1.75,0.37
2023/1/2 08:00,1.71,0.28
2023/1/2 09:00,1.73,0.3
2023/1/2 10:00,2.04,0.36
2023/1/2 11:00,2.08,0.34
2023/1/2 12:00,2.09,0.41
2023/1/2 13:00,2.19,0.36
2023/1/2 14:00,2.16,0.49
2023/1/2 15:00,2.24,0.42
2023/1/2 16:00,1.99,0.44
2023/1/2 17:00,1.92,0.45
2023/1/2 18:00,1.89,0.46
2023/1/2 19:00,1.76,0.34
2023/1/2 20:00,1.73,0.38
2023/1/2 21:00,1.71,0.34
2023/1/2 22:00,1.98,0.37
2023/1/2 23:00,2.02,0.42
2023/1/3 00:00,1.84,0.45
2023/1/3 01:00,1.84,0.42
2023/1/3 02:00,1.86,0.49
2023/1/3 03:00,2.09,0.42
2023/1/3 04:00,1.94,0.46
2023/1/3 05:00,2.02,0.44
2023/1/3 06:00,1.92,0.45
2023/1/3 07:00,1.97,0.48
2023/1/3 08:00,1.79,0.37
2023/1/3 09:00,1.87,0.38
2023/1/3 10:00,1.8,0.3
2023/1/3 11:00,1.71,0.44
2023/1/3 12:00,1.99,0.41
2023/1/3 13:00,1.95,0.45
2023/1/3 14:00,1.97,0.48
2023/1/3 15:00,2,0.49
2023/1/3 16:00,2.25,0.67
2023/1/3 17:00,2.18,0.61
2023/1/3 18:00,2.38,0.51
2023/1/3 19:00,2.34,0.68
2023/1/3 20:00,2.27,0.64
2023/1/3 21:00,2.13,0.48
2023/1/3 22:00,2.3,0.43
2023/1/3 23:00,2.47,0.41
2023/1/4 00:00,2.2,0.39
2023/1/4 01:00,2.37,0.46
2023/1/4 02:00,2.29,0.46
2023/1/4 03:00,2.26,0.4
2023/1/4 04:00,2.34,0.34
2023/1/4 05:00,2.38,0.44
2023/1/4 06:00,2.21,0.44
2023/1/4 07:00,2.12,0.37
2023/1/4 08:00,2.05,0.32
2023/1/4 09:00,1.94,0.3
2023/1/4 10:00,2.09,0.34
2023/1/4 11:00,1.82,0.31
2023/1/4 12:00,1.89,0.34
2023/1/4 13:00,1.68,0.34
2023/1/4 14:00,1.85,0.36
2023/1/4 15:00,1.76,0.39
2023/1/4 16:00,2.04,0.34
2023/1/4 17:00,1.63,0.4
2023/1/4 18:00,1.83,0.37
2023/1/4 19:00,1.83,0.29
2023/1/4 20:00,1.74,0.37
2023/1/4 21:00,1.79,0.36
2023/1/4 22:00,1.78,0.38
2023/1/4 23:00,1.89,0.32
2023/1/5 00:00,1.79,0.35
2023/1/5 01:00,1.74,0.35
2023/1/5 02:00,1.74,0.45
2023/1/5 03:00,1.9,0.42
2023/1/5 04:00,2.02,0.42
2023/1/5 05:00,2.01,0.41
2023/1/5 06:00,1.81,0.51
2023/1/5 07:00,1.95,0.42
2023/1/5 08:00,2.06,0.45
2023/1/5 09:00,1.96,0.48
2023/1/5 10:00,1.77,0.47
2023/1/5 11:00,2.04,0.51
2023/1/5 12:00,2.1,0.46
2023/1/5 13:00,2.34,0.5
2023/1/5 14:00,2.1,0.47
2023/1/5 15:00,2.36,0.56
2023/1/5 16:00,2.36,0.51
2023/1/5 17:00,2.47,0.58
2023/1/5 18:00,2.35,0.52
2023/1/5 19:00,2.29,0.54
2023/1/5 20:00,2.4,0.51
2023/1/5 21:00,2.05,0.6
2023/1/5 22:00,2.04,0.54
2023/1/5 23:00,1.93,0.67
2023/1/6 00:00,2.27,0.6
2023/1/6 01:00,1.96,0.72
2023/1/6 02:00,2.29,0.84
2023/1/6 03:00,1.95,0.72
2023/1/6 04:00,2.06,0.83
2023/1/6 05:00,2.2,0.92
2023/1/6 06:00,2.46,0.84
2023/1/6 07:00,2.4,0.88
2023/1/6 08:00,2.4,1.03
2023/1/6 09:00,2.23,0.83
2023/1/6 10:00,2.14,0.75
2023/1/6 11:00,2.28,0.78
2023/1/6 12:00,2.3,0.86
2023/1/6 13:00,1.94,0.77
2023/1/6 14:00,1.96,0.77
2023/1/6 15:00,1.78,0.73
2023/1/6 16:00,1.89,0.74
2023/1/6 17:00,2.03,0.8
2023/1/6 18:00,1.91,0.9
2023/1/6 19:00,1.9,0.97
2023/1/6 20:00,2.13,0.8
2023/1/6 21:00,1.85,0.69
2023/1/6 22:00,1.66,0.53
2023/1/6 23:00,1.88,0.51
2023/1/7 00:00,1.82,0.47
2023/1/7 01:00,1.68,0.44
2023/1/7 02:00,1.88,0.46
2023/1/7 03:00,1.79,0.42
2023/1/7 04:00,1.61,0.44
2023/1/7 05:00,1.63,0.41
2023/1/7 06:00,1.56,0.51
2023/1/7 07:00,1.57,0.52
2023/1/7 08:00,1.64,0.4
2023/1/7 09:00,1.67,0.39
2023/1/7 10:00,1.84,0.34
2023/1/7 11:00,1.62,0.33
2023/1/7 12:00,1.73,0.32
2023/1/7 13:00,1.63,0.26
2023/1/7 14:00,1.66,0.3
2023/1/7 15:00,1.71,0.32
2023/1/7 16:00,1.77,0.31
2023/1/7 17:00,1.66,0.3
2023/1/7 18:00,1.7,0.34
2023/1/7 19:00,1.52,0.31
2023/1/7 20:00,1.51,0.25
2023/1/7 21:00,1.45,0.27
2023/1/7 22:00,1.56,0.28
2023/1/7 23:00,1.51,0.26
2023/1/8 00:00,1.38,0.23
2023/1/8 01:00,1.39,0.24
2023/1/8 02:00,1.34,0.24
2023/1/8 03:00,1.47,0.28
2023/1/8 04:00,1.32,0.28
2023/1/8 05:00,1.41,0.29
2023/1/8 06:00,1.33,0.28
2023/1/8 07:00,1.35,0.27
2023/1/8 08:00,1.23,0.27
2023/1/8 09:00,1.15,0.24
2023/1/8 10:00,1.42,0.32
2023/1/8 11:00,1.27,0.24
2023/1/8 12:00,1.37,0.29
2023/1/8 13:00,1.27,0.24
2023/1/8 14:00,1.22,0.25
2023/1/8 15:00,1.2,0.25
2023/1/8 16:00,1.32,0.29
2023/1/8 17:00,1.23,0.32
2023/1/8 18:00,1.18,0.29
2023/1/8 19:00,1.18,0.27
2023/1/8 20:00,1.07,0.31
2023/1/8 21:00,1.03,0.24
2023/1/8 22:00,1.08,0.25
2023/1/8 23:00,1.12,0.23
2023/1/9 00:00,0.99,0.24
2023/1/9 01:00,0.95,0.22
2023/1/9 02:00,1.03,0.25
2023/1/9 03:00,0.99,0.21
2023/1/9 04:00,1.06,0.24
2023/1/9 05:00,1.07,0.28
2023/1/9 06:00,1.12,0.3
2023/1/9 07:00,1.04,0.26
2023/1/9 08:00,1.04,0.27
2023/1/9 09:00,1.09,0.26
2023/1/9 10:00,1.08,0.23
2023/1/9 11:00,1.08,0.29
2023/1/9 12:00,1.16,0.31
2023/1/9 13:00,1.21,0.26
2023/1/9 14:00,1.12,0.28
2023/1/9 15:00,1.23,0.27
2023/1/9 16:00,1.09,0.25
2023/1/9 17:00,1,0.29
2023/1/9 18:00,0.97,0.28
2023/1/9 19:00,0.97,0.31
2023/1/9 20:00,1.06,0.34
2023/1/9 21:00,1.08,0.33
2023/1/9 22:00,1.2,0.32
2023/1/9 23:00,1.22,0.4
2023/1/10 00:00,1.2,0.3
2023/1/10 01:00,1.18,0.32
2023/1/10 02:00,1.26,0.32
2023/1/10 03:00,1.24,0.3
2023/1/10 04:00,1.3,0.28
2023/1/10 05:00,1.43,0.35
2023/1/10 06:00,1.32,0.34
2023/1/10 07:00,1.31,0.39
2023/1/10 08:00,1.41,0.42
2023/1/10 09:00,1.27,0.39
2023/1/10 10:00,1.3,0.3
2023/1/10 11:00,1.43,0.34
2023/1/10 12:00,1.35,0.36
2023/1/10 13:00,1.17,0.3
2023/1/10 14:00,1.23,0.36
2023/1/10 15:00,1.1,0.33
2023/1/10 16:00,1.07,0.35
2023/1/10 17:00,1.04,0.33
2023/1/10 18:00,0.96,0.29
2023/1/10 19:00,0.97,0.32
2023/1/10 20:00,1.03,0.34
2023/1/10 21:00,0.97,0.33
2023/1/10 22:00,1.11,0.29
2023/1/10 23:00,1.15,0.26
2023/1/11 00:00,1.3,0.29
2023/1/11 01:00,1.35,0.28
2023/1/11 02:00,1.28,0.27
2023/1/11 03:00,1.2,0.26
2023/1/11 04:00,1.23,0.31
2023/1/11 05:00,1.22,0.29
2023/1/11 06:00,1.27,0.32
2023/1/11 07:00,1.16,0.3
2023/1/11 08:00,1.21,0.28
2023/1/11 09:00,1.28,0.31
2023/1/11 10:00,1.28,0.37
2023/1/11 11:00,1.31,0.33
2023/1/11 12:00,1.49,0.33
2023/1/11 13:00,1.56,0.4
2023/1/11 14:00,1.85,0.36
2023/1/11 15:00,1.6,0.39
2023/1/11 16:00,1.43,0.31
2023/1/11 17:00,1.46,0.33
2023/1/11 18:00,1.51,0.33
2023/1/11 19:00,1.51,0.36
2023/1/11 20:00,1.66,0.38
2023/1/11 21:00,1.33,0.34
2023/1/11 22:00,1.27,0.38
2023/1/11 23:00,1.41,0.25
2023/1/12 00:00,1.42,0.33
2023/1/12 01:00,1.46,0.28
2023/1/12 02:00,1.54,0.3
2023/1/12 03:00,1.42,0.3
2023/1/12 04:00,1.38,0.38
2023/1/12 05:00,1.36,0.3
2023/1/12 06:00,1.29,0.3
2023/1/12 07:00,1.28,0.3
2023/1/12 08:00,1.3,0.32
2023/1/12 09:00,1.38,0.33
2023/1/12 10:00,1.42,0.36
2023/1/12 11:00,1.31,0.36
2023/1/12 12:00,1.44,0.34
2023/1/12 13:00,1.38,0.38
2023/1/12 14:00,1.29,0.41
2023/1/12 15:00,1.58,0.38
2023/1/12 16:00,1.39,0.35
2023/1/12 17:00,1.34,0.3
2023/1/12 18:00,1.45,0.35
2023/1/12 19:00,1.3,0.31
2023/1/12 20:00,1.24,0.3
2023/1/12 21:00,1.3,0.4
2023/1/12 22:00,1.34,0.34
2023/1/12 23:00,1.68,0.43
2023/1/13 00:00,1.53,0.4
2023/1/13 01:00,1.51,0.4
2023/1/13 02:00,1.34,0.38
2023/1/13 03:00,1.25,0.34
2023/1/13 04:00,1.35,0.36
2023/1/13 05:00,1.39,0.43
2023/1/13 06:00,1.42,0.4
2023/1/13 07:00,1.4,0.43
2023/1/13 08:00,1.19,0.35
2023/1/13 09:00,1.33,0.46
2023/1/13 10:00,1.37,0.4
2023/1/13 11:00,1.39,0.39
2023/1/13 12:00,1.41,0.43
2023/1/13 13:00,1.41,0.44
2023/1/13 14:00,1.55,0.36
2023/1/13 15:00,1.41,0.4
2023/1/13 16:00,1.61,0.41
2023/1/13 17:00,1.56,0.41
2023/1/13 18:00,1.44,0.37
2023/1/13 19:00,1.6,0.44
2023/1/13 20:00,1.51,0.44
2023/1/13 21:00,1.78,0.47
2023/1/13 22:00,1.58,0.45
2023/1/13 23:00,1.69,0.46
2023/1/14 00:00,1.83,0.48
2023/1/14 01:00,1.88,0.52
2023/1/14 02:00,1.88,0.54
2023/1/14 03:00,1.89,0.47
2023/1/14 04:00,1.79,0.43
2023/1/14 05:00,1.58,0.57
2023/1/14 06:00,1.39,0.59
2023/1/14 07:00,1.26,0.52
2023/1/14 08:00,1.4,0.55
2023/1/14 09:00,1.29,0.44
2023/1/14 10:00,1.52,0.63
2023/1/14 11:00,1.59,0.5
2023/1/14 12:00,1.62,0.49
2023/1/14 13:00,1.52,0.5
2023/1/14 14:00,1.26,0.4
2023/1/14 15:00,1.19,0.5
2023/1/14 16:00,1.34,0.49
2023/1/14 17:00,1.26,0.41
2023/1/14 18:00,1.35,0.41
2023/1/14 19:00,1.36,0.43
2023/1/14 20:00,1.42,0.4
2023/1/14 21:00,1.36,0.5
2023/1/14 22:00,1.41,0.5
2023/1/14 23:00,1.38,0.45
2023/1/15 00:00,1.63,0.51
2023/1/15 01:00,1.6,0.5
2023/1/15 02:00,1.45,0.52
2023/1/15 03:00,1.6,0.5
2023/1/15 04:00,1.65,0.51
2023/1/15 05:00,1.67,0.51
2023/1/15 06:00,1.7,0.54
2023/1/15 07:00,1.71,0.48
2023/1/15 08:00,1.82,0.39
2023/1/15 09:00,1.79,0.43
2023/1/15 10:00,1.86,0.34
2023/1/15 11:00,2.17,0.37
2023/1/15 12:00,2,0.47
2023/1/15 13:00,2,0.36
2023/1/15 14:00,2.27,0.39
2023/1/15 15:00,2.19,0.32
2023/1/15 16:00,2.02,0.32
2023/1/15 17:00,1.96,0.35
2023/1/15 18:00,1.87,0.33
2023/1/15 19:00,1.81,0.35
2023/1/15 20:00,2.23,0.37
2023/1/15 21:00,2.12,0.31
2023/1/15 22:00,2.11,0.39
2023/1/15 23:00,2.3,0.36
2023/1/16 00:00,2.47,0.33
2023/1/16 01:00,2.31,0.34
2023/1/16 02:00,2.01,0.38
2023/1/16 03:00,2.36,0.35
2023/1/16 04:00,1.96,0.39
2023/1/16 05:00,1.89,0.35
2023/1/16 06:00,1.78,0.37
2023/1/16 07:00,1.56,0.35
2023/1/16 08:00,1.61,0.32
2023/1/16 09:00,1.52,0.33
2023/1/16 10:00,1.56,0.3
2023/1/16 11:00,1.84,0.29
2023/1/16 12:00,1.92,0.36
2023/1/16 13:00,2.12,0.32
2023/1/16 14:00,1.84,0.29
2023/1/16 15:00,1.95,0.34
2023/1/16 16:00,2.09,0.3
2023/1/16 17:00,1.94,0.28
2023/1/16 18:00,1.95,0.27
2023/1/16 19:00,1.81,0.3
2023/1/16 20:00,1.84,0.25
2023/1/16 21:00,1.86,0.31
2023/1/16 22:00,1.94,0.3
2023/1/16 23:00,1.92,0.35
2023/1/17 00:00,1.89,0.33
2023/1/17 01:00,1.67,0.36
2023/1/17 02:00,1.8,0.26
2023/1/17 03:00,1.88,0.33
2023/1/17 04:00,1.8,0.32
2023/1/17 05:00,1.77,0.35
2023/1/17 06:00,1.85,0.34
2023/1/17 07:00,1.8,0.35
2023/1/17 09:00,1.8,0.39
2023/1/17 10:00,1.63,0.3
2023/1/17 11:00,1.64,0.25
2023/1/17 12:00,1.48,0.28
2023/1/17 13:00,1.38,0.32
2023/1/17 14:00,1.41,0.28
2023/1/17 15:00,1.46,0.29
2023/1/17 16:00,1.46,0.26
2023/1/17 17:00,1.32,0.23
2023/1/17 18:00,1.34,0.22
2023/1/17 19:00,1.35,0.23
2023/1/17 20:00,1.18,0.21
2023/1/17 21:00,1.17,0.19
2023/1/17 22:00,1.19,0.18
2023/1/17 23:00,1.31,0.23
2023/1/18 00:00,1.28,0.23
2023/1/18 01:00,1.25,0.27
2023/1/18 02:00,1.37,0.3
2023/1/18 03:00,1.29,0.27
2023/1/18 04:00,1.41,0.26
2023/1/18 05:00,1.32,0.24
2023/1/18 06:00,1.29,0.25
2023/1/18 07:00,1.45,0.25
2023/1/18 08:00,1.71,0.24
2023/1/18 09:00,1.45,0.25
2023/1/18 10:00,1.19,0.23
2023/1/18 11:00,1.46,0.26
2023/1/18 12:00,1.53,0.3
2023/1/18 13:00,1.34,0.27
2023/1/18 14:00,1.5,0.37
2023/1/18 15:00,1.19,0.28
2023/1/18 16:00,1.39,0.28
2023/1/18 17:00,1.34,0.32
2023/1/18 18:00,1.3,0.3
2023/1/18 19:00,1.37,0.31
2023/1/18 20:00,1.22,0.27
2023/1/18 21:00,1.23,0.29
2023/1/18 22:00,1.28,0.28
2023/1/18 23:00,1.36,0.25
2023/1/19 00:00,1.4,0.24
2023/1/19 01:00,1.33,0.29
2023/1/19 02:00,1.38,0.25
2023/1/19 03:00,1.26,0.25
2023/1/19 04:00,1.2,0.28
2023/1/19 05:00,1.2,0.26
2023/1/19 06:00,1.22,0.25
2023/1/19 07:00,1.27,0.25
2023/1/19 08:00,1.35,0.23
2023/1/19 09:00,1.38,0.25
2023/1/19 10:00,1.4,0.27
2023/1/19 11:00,1.38,0.26
2023/1/19 12:00,1.4,0.35
2023/1/19 13:00,1.43,0.26
2023/1/19 14:00,1.39,0.28
2023/1/19 15:00,1.37,0.26
2023/1/19 16:00,1.37,0.27
2023/1/19 17:00,1.39,0.24
2023/1/19 18:00,1.18,0.22
2023/1/19 19:00,1.22,0.24
2023/1/19 20:00,1.29,0.26
2023/1/19 21:00,1.25,0.26
2023/1/19 22:00,1.29,0.19
2023/1/19 23:00,1.32,0.21
2023/1/20 00:00,1.25,0.21
2023/1/20 01:00,1.31,0.2
2023/1/20 02:00,1.33,0.19
2023/1/20 03:00,1.31,0.2
2023/1/20 04:00,1.35,0.23
2023/1/20 05:00,1.27,0.22
2023/1/20 06:00,1.27,0.24
2023/1/20 07:00,1.33,0.25
2023/1/20 08:00,1.55,0.21
2023/1/20 09:00,1.48,0.2
2023/1/20 10:00,1.54,0.24
2023/1/20 11:00,1.5,0.25
2023/1/20 12:00,1.64,0.24
2023/1/20 13:00,1.69,0.26
2023/1/20 14:00,1.78,0.25
2023/1/20 15:00,1.65,0.27
2023/1/20 16:00,1.58,0.27
2023/1/20 17:00,1.64,0.31
2023/1/20 18:00,1.68,0.28
2023/1/20 19:00,1.78,0.27
2023/1/20 20:00,1.78,0.28
2023/1/20 21:00,1.7,0.22
2023/1/20 22:00,1.65,0.2
2023/1/20 23:00,1.58,0.25
2023/1/21 00:00,1.58,0.26
2023/1/21 01:00,1.7,0.26
2023/1/21 02:00,1.64,0.27
2023/1/21 03:00,1.79,0.34
2023/1/21 04:00,1.7,0.41
2023/1/21 05:00,1.63,0.39
2023/1/21 06:00,1.66,0.35
2023/1/21 07:00,1.67,0.3
2023/1/21 08:00,1.55,0.34
2023/1/21 09:00,1.54,0.32
2023/1/21 10:00,1.63,0.31
2023/1/21 11:00,1.53,0.32
2023/1/21 12:00,1.44,0.26
2023/1/21 13:00,1.62,0.27
2023/1/21 14:00,1.62,0.27
2023/1/21 15:00,1.6,0.34
2023/1/21 16:00,1.48,0.31
2023/1/21 17:00,1.36,0.3
2023/1/21 18:00,1.39,0.29
2023/1/21 19:00,1.42,0.29
2023/1/21 20:00,1.2,0.23
2023/1/21 21:00,1.5,0.22
2023/1/21 22:00,1.65,0.28
2023/1/21 23:00,1.55,0.23
2023/1/22 00:00,1.5,0.23
2023/1/22 01:00,1.62,0.21
2023/1/22 02:00,1.66,0.22
2023/1/22 03:00,1.55,0.25
2023/1/22 04:00,1.7,0.27
2023/1/22 05:00,1.97,0.3
2023/1/22 06:00,1.82,0.31
2023/1/22 07:00,1.71,0.33
2023/1/22 08:00,1.7,0.28
2023/1/22 09:00,1.73,0.33
2023/1/22 10:00,1.8,0.24
2023/1/22 11:00,1.69,0.27
2023/1/22 12:00,1.79,0.32
2023/1/22 13:00,1.65,0.26
2023/1/22 14:00,1.56,0.25
2023/1/22 15:00,1.72,0.36
2023/1/22 16:00,1.71,0.35
2023/1/22 17:00,1.79,0.31
2023/1/22 18:00,1.6,0.34
2023/1/22 19:00,1.48,0.34
2023/1/22 20:00,1.58,0.36
2023/1/22 21:00,1.55,0.35
2023/1/22 22:00,1.51,0.37
2023/1/22 23:00,1.67,0.32
2023/1/23 00:00,1.75,0.3
2023/1/23 01:00,1.67,0.3
2023/1/23 02:00,1.64,0.3
2023/1/23 03:00,1.7,0.35
2023/1/23 04:00,1.59,0.29
2023/1/23 05:00,1.71,0.32
2023/1/23 06:00,1.67,0.33
2023/1/23 07:00,1.63,0.31
2023/1/23 08:00,1.6,0.28
2023/1/23 09:00,1.61,0.24
2023/1/23 10:00,1.76,0.26
2023/1/23 11:00,1.67,0.27
2023/1/23 12:00,1.53,0.26
2023/1/23 13:00,1.38,0.26
2023/1/23 14:00,1.44,0.26
2023/1/23 15:00,1.45,0.25
2023/1/23 16:00,1.35,0.25
2023/1/23 17:00,1.54,0.29
2023/1/23 18:00,1.51,0.29
2023/1/23 19:00,1.26,0.28
2023/1/23 20:00,1.29,0.3
2023/1/23 21:00,1.36,0.26
2023/1/23 22:00,1.47,0.25
2023/1/23 23:00,1.34,0.25
2023/1/24 00:00,1.46,0.24
2023/1/24 01:00,1.7,0.2
2023/1/24 02:00,1.71,0.2
2023/1/24 03:00,1.86,0.21
2023/1/24 04:00,1.85,0.21
2023/1/24 05:00,2.07,0.29
2023/1/24 06:00,2.54,0.29
2023/1/24 07:00,2.87,0.3
2023/1/24 08:00,2.87,0.36
2023/1/24 09:00,2.95,0.37
2023/1/24 10:00,2.86,0.32
2023/1/24 11:00,2.89,0.31
2023/1/24 12:00,2.93,0.35
2023/1/24 13:00,2.81,0.34
2023/1/24 14:00,3.1,0.38
2023/1/24 15:00,2.79,0.42
2023/1/24 16:00,2.54,0.39
2023/1/24 17:00,2.65,0.41
2023/1/24 18:00,2.29,0.4
2023/1/24 19:00,2.41,0.37
2023/1/24 20:00,2.23,0.4
2023/1/24 21:00,2.29,0.45
2023/1/24 22:00,2.53,0.44
2023/1/24 23:00,2.78,0.46
2023/1/25 00:00,2.87,0.47
2023/1/25 01:00,2.84,0.48
2023/1/25 02:00,2.57,0.36
2023/1/25 03:00,2.41,0.4
2023/1/25 04:00,2.34,0.42
2023/1/25 05:00,2.47,0.5
2023/1/25 06:00,2.35,0.49
2023/1/25 07:00,1.96,0.37
2023/1/25 08:00,1.98,0.37
2023/1/25 09:00,2.02,0.4
2023/1/25 10:00,1.77,0.35
2023/1/25 11:00,1.76,0.35
2023/1/25 12:00,1.72,0.31
2023/1/25 13:00,1.9,0.34
2023/1/25 14:00,1.76,0.31
2023/1/25 15:00,1.84,0.3
2023/1/25 16:00,1.75,0.29
2023/1/25 17:00,1.87,0.36
2023/1/25 18:00,1.87,0.31
2023/1/25 19:00,1.75,0.32
2023/1/25 20:00,1.69,0.33
2023/1/25 21:00,1.6,0.35
2023/1/25 22:00,1.51,0.31
2023/1/25 23:00,1.62,0.29
2023/1/26 00:00,1.45,0.28
2023/1/26 01:00,1.39,0.24
2023/1/26 02:00,1.49,0.22
2023/1/26 03:00,1.43,0.22
2023/1/26 04:00,1.35,0.2
2023/1/26 05:00,1.56,0.23
2023/1/26 06:00,1.58,0.21
2023/1/26 07:00,1.41,0.22
2023/1/26 08:00,1.24,0.24
2023/1/26 09:00,1.11,0.21
2023/1/26 10:00,1.17,0.22
2023/1/26 11:00,1.11,0.23
2023/1/26 12:00,1.12,0.27
2023/1/26 13:00,1.01,0.2
2023/1/26 14:00,1.02,0.19
2023/1/26 15:00,0.92,0.16
2023/1/26 16:00,0.92,0.34
2023/1/26 17:00,1.04,0.18
2023/1/26 18:00,1.07,0.19
2023/1/26 19:00,1.19,0.16
2023/1/26 20:00,1.06,0.17
2023/1/26 21:00,1.02,0.17
2023/1/26 22:00,1.03,0.18
2023/1/26 23:00,1.05,0.18
2023/1/27 00:00,1.03,0.19
2023/1/27 01:00,1.08,0.17
2023/1/27 02:00,1.04,0.17
2023/1/27 03:00,1.04,0.16
2023/1/27 04:00,1.19,0.15
2023/1/27 05:00,1.27,0.14
2023/1/27 06:00,1.45,0.18
2023/1/27 07:00,1.65,0.17
2023/1/27 08:00,1.75,0.18
2023/1/27 09:00,1.64,0.2
2023/1/27 10:00,1.97,0.23
2023/1/27 11:00,2.06,0.26
2023/1/27 12:00,2.36,0.29
2023/1/27 13:00,2.47,0.25
2023/1/27 14:00,2.6,0.26
2023/1/27 15:00,2.86,0.29
2023/1/27 16:00,2.85,0.29
2023/1/27 17:00,3.22,0.33
2023/1/27 18:00,3.15,0.36
2023/1/27 19:00,3.51,0.39
2023/1/27 20:00,2.97,0.36
2023/1/27 21:00,3.02,0.4
2023/1/27 22:00,3.02,0.36
2023/1/27 23:00,2.98,0.38
2023/1/28 00:00,2.48,0.33
2023/1/28 01:00,2.49,0.35
2023/1/28 02:00,1.95,0.29
2023/1/28 03:00,2.21,0.32
2023/1/28 04:00,2.27,0.29
2023/1/28 05:00,2.19,0.27
2023/1/28 06:00,2.03,0.29
2023/1/28 07:00,1.75,0.26
2023/1/28 08:00,1.78,0.28
2023/1/28 09:00,1.87,0.25
2023/1/28 10:00,1.75,0.27
2023/1/28 11:00,1.92,0.27
2023/1/28 12:00,1.97,0.26
2023/1/28 13:00,1.75,0.25
2023/1/28 14:00,1.8,0.25
2023/1/28 15:00,1.72,0.24
2023/1/28 16:00,1.76,0.23
2023/1/28 17:00,1.64,0.24
2023/1/28 18:00,1.55,0.23
2023/1/28 19:00,1.65,0.21
2023/1/28 20:00,1.6,0.24
2023/1/28 21:00,1.77,0.22
2023/1/28 22:00,1.68,0.21
2023/1/28 23:00,1.54,0.2
2023/1/29 00:00,1.41,0.19
2023/1/29 01:00,1.51,0.19
2023/1/29 02:00,1.4,0.18
2023/1/29 03:00,1.46,0.17
2023/1/29 04:00,1.42,0.18
2023/1/29 05:00,1.41,0.17
2023/1/29 06:00,1.47,0.17
2023/1/29 07:00,1.55,0.19
2023/1/29 08:00,1.56,0.19
2023/1/29 09:00,1.4,0.17
2023/1/29 10:00,1.34,0.18
2023/1/29 11:00,1.4,0.18
2023/1/29 12:00,1.33,0.2
2023/1/29 13:00,1.23,0.18
2023/1/29 14:00,1.16,0.19
2023/1/29 15:00,1.18,0.17
2023/1/29 16:00,1.11,0.15
2023/1/29 17:00,1.18,0.16
2023/1/29 18:00,1.18,0.15
2023/1/29 19:00,1.05,0.14
2023/1/29 20:00,1.04,0.17
2023/1/29 21:00,1.12,0.13
2023/1/29 22:00,1.12,0.14
2023/1/29 23:00,1.06,0.16
2023/1/30 00:00,0.99,0.15
2023/1/30 01:00,1.21,0.16
2023/1/30 02:00,1.11,0.16
2023/1/30 03:00,1.01,0.15
2023/1/30 04:00,0.91,0.14
2023/1/30 05:00,1.01,0.13
2023/1/30 06:00,1.04,0.13
2023/1/30 07:00,1.09,0.15
2023/1/30 08:00,1.13,0.14
2023/1/30 09:00,1.09,0.15
2023/1/30 10:00,1,0.14
2023/1/30 11:00,1.01,0.17
2023/1/30 12:00,0.96,0.17
2023/1/30 13:00,0.89,0.13
2023/1/30 14:00,0.94,0.14
2023/1/30 15:00,0.9,0.14
2023/1/30 16:00,0.92,0.17
2023/1/30 17:00,0.82,0.13
2023/1/30 18:00,0.82,0.15
2023/1/30 19:00,0.8,0.13
2023/1/30 20:00,0.77,0.15
2023/1/30 21:00,0.81,0.14
2023/1/30 22:00,0.87,0.16
2023/1/30 23:00,0.85,0.18
2023/1/31 00:00,0.86,0.15
2023/1/31 01:00,0.81,0.15
2023/1/31 02:00,0.81,0.15
2023/1/31 03:00,0.77,0.16
2023/1/31 04:00,0.79,0.17
2023/1/31 05:00,0.78,0.15
2023/1/31 06:00,0.78,0.16
2023/1/31 07:00,0.79,0.16
2023/1/31 08:00,0.8,0.16
2023/1/31 09:00,0.87,0.17
2023/1/31 10:00,0.86,0.2
2023/1/31 11:00,0.89,0.19
2023/1/31 12:00,0.79,0.18
2023/1/31 13:00,0.9,0.19
2023/1/31 14:00,0.9,0.19
2023/1/31 15:00,0.93,0.17
2023/1/31 16:00,0.88,0.18
2023/1/31 17:00,0.96,0.21
2023/1/31 18:00,0.98,0.19
2023/1/31 19:00,0.91,0.18
2023/1/31 20:00,0.83,0.17
2023/1/31 21:00,0.84,0.18
2023/1/31 22:00,0.88,0.18
2023/1/31 23:00,0.82,0.16
